classifier,metric,dataset,ensemble_method,base_score,ensemble_score,gain,improved,equal,worse
decision_tree,auprc,Credit_Approval_Classification,spe,0.36937934733375627,0.5375500794034529,0.16817073206969663,True,False,False
decision_tree,auprc,Credit_Approval_Classification,ubag,0.36937934733375627,0.5403411326217918,0.17096178528803557,True,False,False
decision_tree,auprc,Credit_Approval_Classification,obag,0.36937934733375627,0.544048325420288,0.17466897808653176,True,False,False
decision_tree,auprc,Credit_Approval_Classification,sbag,0.36937934733375627,0.5578479337067963,0.18846858637304004,True,False,False
decision_tree,auprc,JapaneseVowels,spe,0.7896276302682546,0.9898879160890548,0.20026028582080024,True,False,False
decision_tree,auprc,JapaneseVowels,ubag,0.7896276302682546,0.9449606210634395,0.15533299079518492,True,False,False
decision_tree,auprc,JapaneseVowels,obag,0.7896276302682546,0.9686825566452745,0.17905492637701992,True,False,False
decision_tree,auprc,JapaneseVowels,sbag,0.7896276302682546,0.9688866680294579,0.17925903776120333,True,False,False
decision_tree,auprc,SPECTF,spe,0.6123376623376624,0.843386889150047,0.2310492268123846,True,False,False
decision_tree,auprc,SPECTF,ubag,0.6123376623376624,0.7998725868156085,0.18753492447794606,True,False,False
decision_tree,auprc,SPECTF,obag,0.6123376623376624,0.8422173127990303,0.22987965046136793,True,False,False
decision_tree,auprc,SPECTF,sbag,0.6123376623376624,0.8451556186591999,0.23281795632153746,True,False,False
decision_tree,auprc,adult,spe,0.4433408647645402,0.676578225289345,0.23323736052480476,True,False,False
decision_tree,auprc,adult,ubag,0.4433408647645402,0.6627854741266743,0.2194446093621341,True,False,False
decision_tree,auprc,adult,obag,0.4433408647645402,0.665134555459859,0.2217936906953188,True,False,False
decision_tree,auprc,adult,sbag,0.4433408647645402,0.6626504644114186,0.2193095996468784,True,False,False
decision_tree,auprc,bank-marketing,spe,0.28594166703113516,0.5142955590613082,0.22835389203017303,True,False,False
decision_tree,auprc,bank-marketing,ubag,0.28594166703113516,0.5234776994830808,0.2375360324519456,True,False,False
decision_tree,auprc,bank-marketing,obag,0.28594166703113516,0.5171919650233792,0.231250297992244,True,False,False
decision_tree,auprc,bank-marketing,sbag,0.28594166703113516,0.5185354336011107,0.2325937665699755,True,False,False
decision_tree,auprc,blood-transfusion-service-center,spe,0.29545320677779097,0.4116139071566172,0.11616070037882625,True,False,False
decision_tree,auprc,blood-transfusion-service-center,ubag,0.29545320677779097,0.41909993441838456,0.12364672764059359,True,False,False
decision_tree,auprc,blood-transfusion-service-center,obag,0.29545320677779097,0.38163031513864965,0.08617710836085868,True,False,False
decision_tree,auprc,blood-transfusion-service-center,sbag,0.29545320677779097,0.3721924659410477,0.07673925916325675,True,False,False
decision_tree,auprc,haberman,spe,0.297805971829063,0.3888854015770586,0.0910794297479956,True,False,False
decision_tree,auprc,haberman,ubag,0.297805971829063,0.3779634927688346,0.08015752093977163,True,False,False
decision_tree,auprc,haberman,obag,0.297805971829063,0.38331056313900674,0.08550459130994376,True,False,False
decision_tree,auprc,haberman,sbag,0.297805971829063,0.39919940405085647,0.10139343222179348,True,False,False
decision_tree,auprc,ibm-employee-attrition,spe,0.21722965950414302,0.3555105308886674,0.13828087138452438,True,False,False
decision_tree,auprc,ibm-employee-attrition,ubag,0.21722965950414302,0.43242586361388613,0.2151962041097431,True,False,False
decision_tree,auprc,ibm-employee-attrition,obag,0.21722965950414302,0.41356109902208066,0.19633143951793763,True,False,False
decision_tree,auprc,ibm-employee-attrition,sbag,0.21722965950414302,0.43497895549036747,0.21774929598622444,True,False,False
decision_tree,auprc,ilpd-numeric,spe,0.33105891965982187,0.500908901631844,0.1698499819720221,True,False,False
decision_tree,auprc,ilpd-numeric,ubag,0.33105891965982187,0.47622631563204737,0.1451673959722255,True,False,False
decision_tree,auprc,ilpd-numeric,obag,0.33105891965982187,0.4636822923057492,0.13262337264592733,True,False,False
decision_tree,auprc,ilpd-numeric,sbag,0.33105891965982187,0.45930201441848684,0.12824309475866497,True,False,False
decision_tree,auprc,kc1,spe,0.24965380427566147,0.4245455175559318,0.1748917132802703,True,False,False
decision_tree,auprc,kc1,ubag,0.24965380427566147,0.4024909890046543,0.15283718472899283,True,False,False
decision_tree,auprc,kc1,obag,0.24965380427566147,0.3987779105324759,0.14912410625681444,True,False,False
decision_tree,auprc,kc1,sbag,0.24965380427566147,0.41943798829119794,0.16978418401553647,True,False,False
decision_tree,auprc,law-school-admission-bianry,spe,1.0,1.0,0.0,False,True,False
decision_tree,auprc,law-school-admission-bianry,ubag,1.0,1.0,0.0,False,True,False
decision_tree,auprc,law-school-admission-bianry,obag,1.0,1.0,0.0,False,True,False
decision_tree,auprc,law-school-admission-bianry,sbag,1.0,1.0,0.0,False,True,False
decision_tree,auprc,mc2,spe,0.4108096070596071,0.5501364202166601,0.13932681315705298,True,False,False
decision_tree,auprc,mc2,ubag,0.4108096070596071,0.5230141850112524,0.11220457795164529,True,False,False
decision_tree,auprc,mc2,obag,0.4108096070596071,0.5716000942640678,0.16079048720446065,True,False,False
decision_tree,auprc,mc2,sbag,0.4108096070596071,0.6709284333444447,0.2601188262848376,True,False,False
decision_tree,auprc,pc4,spe,0.304653774359552,0.6023307727961662,0.2976769984366142,True,False,False
decision_tree,auprc,pc4,ubag,0.304653774359552,0.5876889402785231,0.28303516591897115,True,False,False
decision_tree,auprc,pc4,obag,0.304653774359552,0.6134663097497144,0.3088125353901624,True,False,False
decision_tree,auprc,pc4,sbag,0.304653774359552,0.5825492683837158,0.2778954940241638,True,False,False
decision_tree,auprc,phoneme,spe,0.6754543092374465,0.8622928573245048,0.18683854808705824,True,False,False
decision_tree,auprc,phoneme,ubag,0.6754543092374465,0.8419249791440027,0.16647066990655612,True,False,False
decision_tree,auprc,phoneme,obag,0.6754543092374465,0.860448751815983,0.18499444257853648,True,False,False
decision_tree,auprc,phoneme,sbag,0.6754543092374465,0.8630772819478215,0.18762297271037498,True,False,False
decision_tree,auprc,planning-relax,spe,0.27697347697347696,0.34438638365175794,0.06741290667828098,True,False,False
decision_tree,auprc,planning-relax,ubag,0.27697347697347696,0.286583400415505,0.009609923442028045,True,False,False
decision_tree,auprc,planning-relax,obag,0.27697347697347696,0.3278868636284325,0.05091338665495554,True,False,False
decision_tree,auprc,planning-relax,sbag,0.27697347697347696,0.31459075135823833,0.03761727438476137,True,False,False
decision_tree,auprc,thoracic-surgery,spe,0.16794868252315054,0.224190519486431,0.05624183696328047,True,False,False
decision_tree,auprc,thoracic-surgery,ubag,0.16794868252315054,0.24816877819841335,0.08022009567526281,True,False,False
decision_tree,auprc,thoracic-surgery,obag,0.16794868252315054,0.20600478323900032,0.03805610071584978,True,False,False
decision_tree,auprc,thoracic-surgery,sbag,0.16794868252315054,0.23966148997605868,0.07171280745290814,True,False,False
decision_tree,auprc,vehicle,spe,0.8863477585348857,0.9867692004641633,0.1004214419292776,True,False,False
decision_tree,auprc,vehicle,ubag,0.8863477585348857,0.96873315072545,0.08238539219056429,True,False,False
decision_tree,auprc,vehicle,obag,0.8863477585348857,0.9748117378577028,0.08846397932281713,True,False,False
decision_tree,auprc,vehicle,sbag,0.8863477585348857,0.9661001997147777,0.079752441179892,True,False,False
decision_tree,auprc,vertebra-column,spe,0.5723718651041305,0.7915531956238311,0.21918133051970057,True,False,False
decision_tree,auprc,vertebra-column,ubag,0.5723718651041305,0.7986946398963435,0.22632277479221297,True,False,False
decision_tree,auprc,vertebra-column,obag,0.5723718651041305,0.8082500071086409,0.2358781420045104,True,False,False
decision_tree,auprc,vertebra-column,sbag,0.5723718651041305,0.800959417200137,0.22858755209600645,True,False,False
decision_tree,auprc,vowel,spe,0.7008467023172905,0.9669958482445583,0.2661491459272678,True,False,False
decision_tree,auprc,vowel,ubag,0.7008467023172905,0.8645511391725439,0.16370443685525338,True,False,False
decision_tree,auprc,vowel,obag,0.7008467023172905,0.9418610918951476,0.24101438957785704,True,False,False
decision_tree,auprc,vowel,sbag,0.7008467023172905,0.958722405000608,0.2578757026833175,True,False,False
decision_tree,auprc,wholesale-customers,spe,0.7250406282219407,0.8913461300379264,0.1663055018159857,True,False,False
decision_tree,auprc,wholesale-customers,ubag,0.7250406282219407,0.8804322819115121,0.15539165368957142,True,False,False
decision_tree,auprc,wholesale-customers,obag,0.7250406282219407,0.8827968517428102,0.1577562235208695,True,False,False
decision_tree,auprc,wholesale-customers,sbag,0.7250406282219407,0.8804956139176777,0.155454985695737,True,False,False
decision_tree,macro_f1,Credit_Approval_Classification,spe,0.606928759172569,0.6746211029277271,0.06769234375515809,True,False,False
decision_tree,macro_f1,Credit_Approval_Classification,ubag,0.606928759172569,0.6635900069652088,0.0566612477926397,True,False,False
decision_tree,macro_f1,Credit_Approval_Classification,obag,0.606928759172569,0.6302469558532641,0.023318196680695014,True,False,False
decision_tree,macro_f1,Credit_Approval_Classification,sbag,0.606928759172569,0.6390837046904512,0.032154945517882116,True,False,False
decision_tree,macro_f1,JapaneseVowels,spe,0.9363991632212242,0.978079301960436,0.041680138739211836,True,False,False
decision_tree,macro_f1,JapaneseVowels,ubag,0.9363991632212242,0.9262855495927003,-0.010113613628523921,False,False,True
decision_tree,macro_f1,JapaneseVowels,obag,0.9363991632212242,0.9545246527100465,0.01812548948882231,True,False,False
decision_tree,macro_f1,JapaneseVowels,sbag,0.9363991632212242,0.9580127342035525,0.0216135709823283,True,False,False
decision_tree,macro_f1,SPECTF,spe,0.8191030081024128,0.882704218923305,0.0636012108208922,True,False,False
decision_tree,macro_f1,SPECTF,ubag,0.8191030081024128,0.8333551020615262,0.014252093959113421,True,False,False
decision_tree,macro_f1,SPECTF,obag,0.8191030081024128,0.8665869191617748,0.047483911059362005,True,False,False
decision_tree,macro_f1,SPECTF,sbag,0.8191030081024128,0.8477706006901098,0.02866759258769702,True,False,False
decision_tree,macro_f1,adult,spe,0.7284229684951752,0.7663182172444845,0.037895248749309274,True,False,False
decision_tree,macro_f1,adult,ubag,0.7284229684951752,0.7650381542479423,0.03661518575276712,True,False,False
decision_tree,macro_f1,adult,obag,0.7284229684951752,0.7500299570924831,0.02160698859730792,True,False,False
decision_tree,macro_f1,adult,sbag,0.7284229684951752,0.7514735377876527,0.023050569292477507,True,False,False
decision_tree,macro_f1,bank-marketing,spe,0.7018424778586434,0.751685578091124,0.04984310023248062,True,False,False
decision_tree,macro_f1,bank-marketing,ubag,0.7018424778586434,0.751152884898884,0.04931040704024059,True,False,False
decision_tree,macro_f1,bank-marketing,obag,0.7018424778586434,0.7038090201916609,0.001966542333017518,True,False,False
decision_tree,macro_f1,bank-marketing,sbag,0.7018424778586434,0.7173504640297013,0.015507986171057864,True,False,False
decision_tree,macro_f1,blood-transfusion-service-center,spe,0.5689900746450318,0.6074057444775119,0.038415669832480126,True,False,False
decision_tree,macro_f1,blood-transfusion-service-center,ubag,0.5689900746450318,0.6304805288890819,0.061490454244050086,True,False,False
decision_tree,macro_f1,blood-transfusion-service-center,obag,0.5689900746450318,0.6039884446431082,0.03499836999807637,True,False,False
decision_tree,macro_f1,blood-transfusion-service-center,sbag,0.5689900746450318,0.6045249454747987,0.03553487082976692,True,False,False
decision_tree,macro_f1,haberman,spe,0.5476280803329161,0.5812460295360331,0.033617949203117004,True,False,False
decision_tree,macro_f1,haberman,ubag,0.5476280803329161,0.5769374418158282,0.029309361482912077,True,False,False
decision_tree,macro_f1,haberman,obag,0.5476280803329161,0.5231972844210491,-0.02443079591186703,False,False,True
decision_tree,macro_f1,haberman,sbag,0.5476280803329161,0.5617356996510139,0.014107619318097786,True,False,False
decision_tree,macro_f1,ibm-employee-attrition,spe,0.5954196375962957,0.6321405992531309,0.03672096165683525,True,False,False
decision_tree,macro_f1,ibm-employee-attrition,ubag,0.5954196375962957,0.6669539289281394,0.07153429133184375,True,False,False
decision_tree,macro_f1,ibm-employee-attrition,obag,0.5954196375962957,0.6193083673168791,0.023888729720583424,True,False,False
decision_tree,macro_f1,ibm-employee-attrition,sbag,0.5954196375962957,0.6256998955410366,0.030280257944740874,True,False,False
decision_tree,macro_f1,ilpd-numeric,spe,0.5744120857848488,0.6530835099245247,0.07867142413967587,True,False,False
decision_tree,macro_f1,ilpd-numeric,ubag,0.5744120857848488,0.6455406566230618,0.071128570838213,True,False,False
decision_tree,macro_f1,ilpd-numeric,obag,0.5744120857848488,0.5998453920215627,0.025433306236713915,True,False,False
decision_tree,macro_f1,ilpd-numeric,sbag,0.5744120857848488,0.5864470948174203,0.012035009032571486,True,False,False
decision_tree,macro_f1,kc1,spe,0.6358565817556563,0.6706103457705168,0.03475376401486052,True,False,False
decision_tree,macro_f1,kc1,ubag,0.6358565817556563,0.6445701408434865,0.008713559087830225,True,False,False
decision_tree,macro_f1,kc1,obag,0.6358565817556563,0.6250327191393927,-0.010823862616263558,False,False,True
decision_tree,macro_f1,kc1,sbag,0.6358565817556563,0.6629543306857384,0.0270977489300821,True,False,False
decision_tree,macro_f1,law-school-admission-bianry,spe,1.0,1.0,0.0,False,True,False
decision_tree,macro_f1,law-school-admission-bianry,ubag,1.0,1.0,0.0,False,True,False
decision_tree,macro_f1,law-school-admission-bianry,obag,1.0,1.0,0.0,False,True,False
decision_tree,macro_f1,law-school-admission-bianry,sbag,1.0,1.0,0.0,False,True,False
decision_tree,macro_f1,mc2,spe,0.6166871298569984,0.612764155477709,-0.003922974379289346,False,False,True
decision_tree,macro_f1,mc2,ubag,0.6166871298569984,0.5908249363416221,-0.02586219351537622,False,False,True
decision_tree,macro_f1,mc2,obag,0.6166871298569984,0.6345941812647871,0.0179070514077887,True,False,False
decision_tree,macro_f1,mc2,sbag,0.6166871298569984,0.6942276927422218,0.07754056288522349,True,False,False
decision_tree,macro_f1,pc4,spe,0.7020609870299764,0.7824958159302613,0.08043482890028486,True,False,False
decision_tree,macro_f1,pc4,ubag,0.7020609870299764,0.7707889672934971,0.06872798026352067,True,False,False
decision_tree,macro_f1,pc4,obag,0.7020609870299764,0.7411100193772395,0.03904903234726309,True,False,False
decision_tree,macro_f1,pc4,sbag,0.7020609870299764,0.7469520096897287,0.04489102265975231,True,False,False
decision_tree,macro_f1,phoneme,spe,0.8448177184462802,0.8729526902039165,0.02813497175763635,True,False,False
decision_tree,macro_f1,phoneme,ubag,0.8448177184462802,0.8614824117326186,0.01666469328633846,True,False,False
decision_tree,macro_f1,phoneme,obag,0.8448177184462802,0.8672670779517482,0.022449359505468003,True,False,False
decision_tree,macro_f1,phoneme,sbag,0.8448177184462802,0.8711922246821626,0.026374506235882444,True,False,False
decision_tree,macro_f1,planning-relax,spe,0.43728536829005593,0.4996877508067413,0.062402382516685395,True,False,False
decision_tree,macro_f1,planning-relax,ubag,0.43728536829005593,0.47542683792884743,0.0381414696387915,True,False,False
decision_tree,macro_f1,planning-relax,obag,0.43728536829005593,0.466355422394858,0.029070054104802068,True,False,False
decision_tree,macro_f1,planning-relax,sbag,0.43728536829005593,0.4620050721076591,0.02471970381760319,True,False,False
decision_tree,macro_f1,thoracic-surgery,spe,0.5465839561312009,0.5418228992595093,-0.0047610568716915935,False,False,True
decision_tree,macro_f1,thoracic-surgery,ubag,0.5465839561312009,0.5519019593574419,0.005318003226240986,True,False,False
decision_tree,macro_f1,thoracic-surgery,obag,0.5465839561312009,0.4741280100420992,-0.07245594608910172,False,False,True
decision_tree,macro_f1,thoracic-surgery,sbag,0.5465839561312009,0.5050654579365589,-0.04151849819464204,False,False,True
decision_tree,macro_f1,vehicle,spe,0.9537464327799574,0.9656578571450668,0.011911424365109391,True,False,False
decision_tree,macro_f1,vehicle,ubag,0.9537464327799574,0.9571148090176287,0.003368376237671278,True,False,False
decision_tree,macro_f1,vehicle,obag,0.9537464327799574,0.9622875232057317,0.008541090425774334,True,False,False
decision_tree,macro_f1,vehicle,sbag,0.9537464327799574,0.9596276785281965,0.005881245748239117,True,False,False
decision_tree,macro_f1,vertebra-column,spe,0.7641823274050157,0.8079224298666705,0.04374010246165483,True,False,False
decision_tree,macro_f1,vertebra-column,ubag,0.7641823274050157,0.8009816754930268,0.03679934808801111,True,False,False
decision_tree,macro_f1,vertebra-column,obag,0.7641823274050157,0.8031096264640067,0.03892729905899106,True,False,False
decision_tree,macro_f1,vertebra-column,sbag,0.7641823274050157,0.8038561842519002,0.039673856846884514,True,False,False
decision_tree,macro_f1,vowel,spe,0.9021686345117954,0.9567134253410348,0.054544790829239354,True,False,False
decision_tree,macro_f1,vowel,ubag,0.9021686345117954,0.8775766549302932,-0.024591979581502166,False,False,True
decision_tree,macro_f1,vowel,obag,0.9021686345117954,0.90057419693922,-0.00159443757257538,False,False,True
decision_tree,macro_f1,vowel,sbag,0.9021686345117954,0.9110552826939957,0.008886648182200307,True,False,False
decision_tree,macro_f1,wholesale-customers,spe,0.863123905865168,0.8988066051297476,0.035682699264579676,True,False,False
decision_tree,macro_f1,wholesale-customers,ubag,0.863123905865168,0.9085918467077898,0.045467940842621846,True,False,False
decision_tree,macro_f1,wholesale-customers,obag,0.863123905865168,0.9000293786477233,0.03690547278255529,True,False,False
decision_tree,macro_f1,wholesale-customers,sbag,0.863123905865168,0.9034163944351326,0.04029248856996459,True,False,False
decision_tree,balanced_accuracy,Credit_Approval_Classification,spe,0.6090476190476191,0.6728571428571428,0.06380952380952376,True,False,False
decision_tree,balanced_accuracy,Credit_Approval_Classification,ubag,0.6090476190476191,0.6673809523809523,0.05833333333333324,True,False,False
decision_tree,balanced_accuracy,Credit_Approval_Classification,obag,0.6090476190476191,0.6221428571428571,0.013095238095238049,True,False,False
decision_tree,balanced_accuracy,Credit_Approval_Classification,sbag,0.6090476190476191,0.6297619047619047,0.020714285714285685,True,False,False
decision_tree,balanced_accuracy,JapaneseVowels,spe,0.9339810269387676,0.9778353246115872,0.043854297672819564,True,False,False
decision_tree,balanced_accuracy,JapaneseVowels,ubag,0.9339810269387676,0.9640365150200599,0.030055488081292325,True,False,False
decision_tree,balanced_accuracy,JapaneseVowels,obag,0.9339810269387676,0.934698950349323,0.0007179234105554322,True,False,False
decision_tree,balanced_accuracy,JapaneseVowels,sbag,0.9339810269387676,0.9473652384870753,0.013384211548307712,True,False,False
decision_tree,balanced_accuracy,SPECTF,spe,0.8396635706914346,0.8888648090815273,0.049201238390092716,True,False,False
decision_tree,balanced_accuracy,SPECTF,ubag,0.8396635706914346,0.8606769865841073,0.021013415892672693,True,False,False
decision_tree,balanced_accuracy,SPECTF,obag,0.8396635706914346,0.8678513931888545,0.028187822497419912,True,False,False
decision_tree,balanced_accuracy,SPECTF,sbag,0.8396635706914346,0.8481795665634675,0.008515995872032889,True,False,False
decision_tree,balanced_accuracy,adult,spe,0.7295429678684862,0.7747984937657556,0.045255525897269444,True,False,False
decision_tree,balanced_accuracy,adult,ubag,0.7295429678684862,0.7871838958553349,0.05764092798684872,True,False,False
decision_tree,balanced_accuracy,adult,obag,0.7295429678684862,0.734612572927319,0.0050696050588328045,True,False,False
decision_tree,balanced_accuracy,adult,sbag,0.7295429678684862,0.7369060895258392,0.007363121657353089,True,False,False
decision_tree,balanced_accuracy,bank-marketing,spe,0.7045317849443006,0.78137478212124,0.07684299717693943,True,False,False
decision_tree,balanced_accuracy,bank-marketing,ubag,0.7045317849443006,0.835471394260901,0.13093960931660042,True,False,False
decision_tree,balanced_accuracy,bank-marketing,obag,0.7045317849443006,0.6710461919962285,-0.033485592948072074,False,False,True
decision_tree,balanced_accuracy,bank-marketing,sbag,0.7045317849443006,0.6889542783936713,-0.015577506550629283,False,False,True
decision_tree,balanced_accuracy,blood-transfusion-service-center,spe,0.5662865497076023,0.6312990810359231,0.06501253132832086,True,False,False
decision_tree,balanced_accuracy,blood-transfusion-service-center,ubag,0.5662865497076023,0.646967418546366,0.08068086883876369,True,False,False
decision_tree,balanced_accuracy,blood-transfusion-service-center,obag,0.5662865497076023,0.6052923976608187,0.03900584795321638,True,False,False
decision_tree,balanced_accuracy,blood-transfusion-service-center,sbag,0.5662865497076023,0.6058103592314119,0.03952380952380963,True,False,False
decision_tree,balanced_accuracy,haberman,spe,0.5543137254901962,0.5897957516339869,0.0354820261437907,True,False,False
decision_tree,balanced_accuracy,haberman,ubag,0.5543137254901962,0.5860866013071895,0.031772875816993285,True,False,False
decision_tree,balanced_accuracy,haberman,obag,0.5543137254901962,0.529640522875817,-0.02467320261437922,False,False,True
decision_tree,balanced_accuracy,haberman,sbag,0.5543137254901962,0.5626960784313726,0.008382352941176396,True,False,False
decision_tree,balanced_accuracy,ibm-employee-attrition,spe,0.6016420099488272,0.641653421756459,0.04001141180763179,True,False,False
decision_tree,balanced_accuracy,ibm-employee-attrition,ubag,0.6016420099488272,0.6841911404244113,0.0825491304755841,True,False,False
decision_tree,balanced_accuracy,ibm-employee-attrition,obag,0.6016420099488272,0.5952206227366348,-0.006421387212192431,False,False,True
decision_tree,balanced_accuracy,ibm-employee-attrition,sbag,0.6016420099488272,0.6024870754888098,0.0008450655399825369,True,False,False
decision_tree,balanced_accuracy,ilpd-numeric,spe,0.580143722330115,0.6573610714822622,0.07721734915214717,True,False,False
decision_tree,balanced_accuracy,ilpd-numeric,ubag,0.580143722330115,0.6577030045314951,0.07755928220138009,True,False,False
decision_tree,balanced_accuracy,ilpd-numeric,obag,0.580143722330115,0.5953535302401356,0.015209807910020579,True,False,False
decision_tree,balanced_accuracy,ilpd-numeric,sbag,0.580143722330115,0.5845642309497732,0.004420508619658148,True,False,False
decision_tree,balanced_accuracy,kc1,spe,0.6332290919039102,0.7043611147609825,0.07113202285707232,True,False,False
decision_tree,balanced_accuracy,kc1,ubag,0.6332290919039102,0.6981282388023962,0.06489914689848597,True,False,False
decision_tree,balanced_accuracy,kc1,obag,0.6332290919039102,0.6036260687979128,-0.029603023105997384,False,False,True
decision_tree,balanced_accuracy,kc1,sbag,0.6332290919039102,0.6447640869815358,0.011534995077625565,True,False,False
decision_tree,balanced_accuracy,law-school-admission-bianry,spe,1.0,1.0,0.0,False,True,False
decision_tree,balanced_accuracy,law-school-admission-bianry,ubag,1.0,1.0,0.0,False,True,False
decision_tree,balanced_accuracy,law-school-admission-bianry,obag,1.0,1.0,0.0,False,True,False
decision_tree,balanced_accuracy,law-school-admission-bianry,sbag,1.0,1.0,0.0,False,True,False
decision_tree,balanced_accuracy,mc2,spe,0.6209523809523809,0.6173593073593074,-0.0035930735930734814,False,False,True
decision_tree,balanced_accuracy,mc2,ubag,0.6209523809523809,0.5919047619047618,-0.0290476190476191,False,False,True
decision_tree,balanced_accuracy,mc2,obag,0.6209523809523809,0.6293506493506493,0.008398268398268405,True,False,False
decision_tree,balanced_accuracy,mc2,sbag,0.6209523809523809,0.687056277056277,0.06610389610389611,True,False,False
decision_tree,balanced_accuracy,pc4,spe,0.7122259424603176,0.8211272321428572,0.10890128968253965,True,False,False
decision_tree,balanced_accuracy,pc4,ubag,0.7122259424603176,0.8661693948412699,0.1539434523809523,True,False,False
decision_tree,balanced_accuracy,pc4,obag,0.7122259424603176,0.7072135416666667,-0.00501240079365084,False,False,True
decision_tree,balanced_accuracy,pc4,sbag,0.7122259424603176,0.7265128968253969,0.014286954365079318,True,False,False
decision_tree,balanced_accuracy,phoneme,spe,0.8426048845329515,0.8716233303276741,0.02901844579472268,True,False,False
decision_tree,balanced_accuracy,phoneme,ubag,0.8426048845329515,0.8732445276997833,0.030639643166831876,True,False,False
decision_tree,balanced_accuracy,phoneme,obag,0.8426048845329515,0.8573975711125046,0.014792686579553127,True,False,False
decision_tree,balanced_accuracy,phoneme,sbag,0.8426048845329515,0.8659543677228688,0.023349483189917364,True,False,False
decision_tree,balanced_accuracy,planning-relax,spe,0.4439160839160839,0.5073426573426574,0.06342657342657348,True,False,False
decision_tree,balanced_accuracy,planning-relax,ubag,0.4439160839160839,0.4744055944055944,0.030489510489510485,True,False,False
decision_tree,balanced_accuracy,planning-relax,obag,0.4439160839160839,0.4918881118881119,0.047972027972027986,True,False,False
decision_tree,balanced_accuracy,planning-relax,sbag,0.4439160839160839,0.48174825174825175,0.03783216783216786,True,False,False
decision_tree,balanced_accuracy,thoracic-surgery,spe,0.5458928571428572,0.5528571428571428,0.006964285714285645,True,False,False
decision_tree,balanced_accuracy,thoracic-surgery,ubag,0.5458928571428572,0.5621428571428572,0.016249999999999987,True,False,False
decision_tree,balanced_accuracy,thoracic-surgery,obag,0.5458928571428572,0.49803571428571425,-0.04785714285714293,False,False,True
decision_tree,balanced_accuracy,thoracic-surgery,sbag,0.5458928571428572,0.5157142857142858,-0.030178571428571388,False,False,True
decision_tree,balanced_accuracy,vehicle,spe,0.9550880297996578,0.9630347192858821,0.007946689486224345,True,False,False
decision_tree,balanced_accuracy,vehicle,ubag,0.9550880297996578,0.9596736400550354,0.004585610255377626,True,False,False
decision_tree,balanced_accuracy,vehicle,obag,0.9550880297996578,0.9568516258934864,0.00176359609382859,True,False,False
decision_tree,balanced_accuracy,vehicle,sbag,0.9550880297996578,0.9582097788516393,0.0031217490519814817,True,False,False
decision_tree,balanced_accuracy,vertebra-column,spe,0.7664285714285715,0.8078571428571429,0.04142857142857148,True,False,False
decision_tree,balanced_accuracy,vertebra-column,ubag,0.7664285714285715,0.8169047619047619,0.05047619047619045,True,False,False
decision_tree,balanced_accuracy,vertebra-column,obag,0.7664285714285715,0.7947619047619048,0.02833333333333332,True,False,False
decision_tree,balanced_accuracy,vertebra-column,sbag,0.7664285714285715,0.8002380952380952,0.033809523809523734,True,False,False
decision_tree,balanced_accuracy,vowel,spe,0.9066666666666666,0.9572222222222221,0.050555555555555465,True,False,False
decision_tree,balanced_accuracy,vowel,ubag,0.9066666666666666,0.9527777777777778,0.046111111111111214,True,False,False
decision_tree,balanced_accuracy,vowel,obag,0.9066666666666666,0.8594444444444445,-0.047222222222222165,False,False,True
decision_tree,balanced_accuracy,vowel,sbag,0.9066666666666666,0.8805555555555555,-0.026111111111111085,False,False,True
decision_tree,balanced_accuracy,wholesale-customers,spe,0.8648170103810081,0.8998433107901255,0.03502630040911736,True,False,False
decision_tree,balanced_accuracy,wholesale-customers,ubag,0.8648170103810081,0.9157227742061173,0.05090576382510914,True,False,False
decision_tree,balanced_accuracy,wholesale-customers,obag,0.8648170103810081,0.8958239403300772,0.031006929949069062,True,False,False
decision_tree,balanced_accuracy,wholesale-customers,sbag,0.8648170103810081,0.9010538253875484,0.0362368150065403,True,False,False
logistic_regression,auprc,Credit_Approval_Classification,spe,0.6134067133222989,0.6170793939017793,0.0036726805794804473,True,False,False
logistic_regression,auprc,Credit_Approval_Classification,ubag,0.6134067133222989,0.6007713396146499,-0.012635373707649,False,False,True
logistic_regression,auprc,Credit_Approval_Classification,obag,0.6134067133222989,0.6006757061873594,-0.012731007134939465,False,False,True
logistic_regression,auprc,Credit_Approval_Classification,sbag,0.6134067133222989,0.6025887900443339,-0.010817923277965047,False,False,True
logistic_regression,auprc,JapaneseVowels,spe,0.9654171985403863,0.9644958337061886,-0.000921364834197691,False,False,True
logistic_regression,auprc,JapaneseVowels,ubag,0.9654171985403863,0.9630571795434409,-0.002360018996945379,False,False,True
logistic_regression,auprc,JapaneseVowels,obag,0.9654171985403863,0.9603514122813257,-0.005065786259060623,False,False,True
logistic_regression,auprc,JapaneseVowels,sbag,0.9654171985403863,0.9603389349119474,-0.005078263628438884,False,False,True
logistic_regression,auprc,SPECTF,spe,0.7498602222953779,0.7535049534331677,0.0036447311377898473,True,False,False
logistic_regression,auprc,SPECTF,ubag,0.7498602222953779,0.7509431482879093,0.0010829259925314583,True,False,False
logistic_regression,auprc,SPECTF,obag,0.7498602222953779,0.7608313674071538,0.010971145111775993,True,False,False
logistic_regression,auprc,SPECTF,sbag,0.7498602222953779,0.7566844951798612,0.0068242728844833955,True,False,False
logistic_regression,auprc,adult,spe,0.780770251835422,0.7723348266873538,-0.008435425148068276,False,False,True
logistic_regression,auprc,adult,ubag,0.780770251835422,0.7792991742953843,-0.001471077540037724,False,False,True
logistic_regression,auprc,adult,obag,0.780770251835422,0.779638387867033,-0.0011318639683890463,False,False,True
logistic_regression,auprc,adult,sbag,0.780770251835422,0.7796866648824221,-0.0010835869529999265,False,False,True
logistic_regression,auprc,bank-marketing,spe,0.5522023370943643,0.5428807386008896,-0.009321598493474692,False,False,True
logistic_regression,auprc,bank-marketing,ubag,0.5522023370943643,0.5464084521813033,-0.005793884913060987,False,False,True
logistic_regression,auprc,bank-marketing,obag,0.5522023370943643,0.5467630789356928,-0.005439258158671523,False,False,True
logistic_regression,auprc,bank-marketing,sbag,0.5522023370943643,0.5468413709318682,-0.005360966162496039,False,False,True
logistic_regression,auprc,blood-transfusion-service-center,spe,0.513214677594655,0.5143213364979641,0.0011066589033090768,True,False,False
logistic_regression,auprc,blood-transfusion-service-center,ubag,0.513214677594655,0.512016703901544,-0.0011979736931110319,False,False,True
logistic_regression,auprc,blood-transfusion-service-center,obag,0.513214677594655,0.5141242161585137,0.0009095385638586695,True,False,False
logistic_regression,auprc,blood-transfusion-service-center,sbag,0.513214677594655,0.5153467298190282,0.002132052224373182,True,False,False
logistic_regression,auprc,haberman,spe,0.4935672938787773,0.3380894588638263,-0.155477835014951,False,False,True
logistic_regression,auprc,haberman,ubag,0.4935672938787773,0.5021838340452467,0.0086165401664694,True,False,False
logistic_regression,auprc,haberman,obag,0.4935672938787773,0.5044176552784551,0.010850361399677766,True,False,False
logistic_regression,auprc,haberman,sbag,0.4935672938787773,0.5056887049801874,0.012121411101410073,True,False,False
logistic_regression,auprc,ibm-employee-attrition,spe,0.6278706465416752,0.6150542369282149,-0.012816409613460311,False,False,True
logistic_regression,auprc,ibm-employee-attrition,ubag,0.6278706465416752,0.6126397033145933,-0.015230943227081961,False,False,True
logistic_regression,auprc,ibm-employee-attrition,obag,0.6278706465416752,0.5976373909338214,-0.030233255607853837,False,False,True
logistic_regression,auprc,ibm-employee-attrition,sbag,0.6278706465416752,0.5978702086569012,-0.030000437884774023,False,False,True
logistic_regression,auprc,ilpd-numeric,spe,0.5139829440495957,0.525621870920838,0.01163892687124235,True,False,False
logistic_regression,auprc,ilpd-numeric,ubag,0.5139829440495957,0.5042088627464102,-0.009774081303185467,False,False,True
logistic_regression,auprc,ilpd-numeric,obag,0.5139829440495957,0.5136228833634331,-0.0003600606861625666,False,False,True
logistic_regression,auprc,ilpd-numeric,sbag,0.5139829440495957,0.5211340819544479,0.007151137904852223,True,False,False
logistic_regression,auprc,kc1,spe,0.46565225998817306,0.4629625484556136,-0.00268971153255948,False,False,True
logistic_regression,auprc,kc1,ubag,0.46565225998817306,0.45692543323131485,-0.008726826756858208,False,False,True
logistic_regression,auprc,kc1,obag,0.46565225998817306,0.45446022030494015,-0.011192039683232902,False,False,True
logistic_regression,auprc,kc1,sbag,0.46565225998817306,0.4506854831595417,-0.014966776828631345,False,False,True
logistic_regression,auprc,law-school-admission-bianry,spe,1.0,1.0,0.0,False,True,False
logistic_regression,auprc,law-school-admission-bianry,ubag,1.0,1.0,0.0,False,True,False
logistic_regression,auprc,law-school-admission-bianry,obag,1.0,1.0,0.0,False,True,False
logistic_regression,auprc,law-school-admission-bianry,sbag,1.0,1.0,0.0,False,True,False
logistic_regression,auprc,mc2,spe,0.6309528205764485,0.5929905776977111,-0.037962242878737396,False,False,True
logistic_regression,auprc,mc2,ubag,0.6309528205764485,0.5669467747576462,-0.06400604581880232,False,False,True
logistic_regression,auprc,mc2,obag,0.6309528205764485,0.6074545946310697,-0.02349822594537887,False,False,True
logistic_regression,auprc,mc2,sbag,0.6309528205764485,0.601326217670645,-0.029626602905803545,False,False,True
logistic_regression,auprc,pc4,spe,0.6396290280331896,0.604030722897029,-0.03559830513616058,False,False,True
logistic_regression,auprc,pc4,ubag,0.6396290280331896,0.6359052707171859,-0.0037237573160036064,False,False,True
logistic_regression,auprc,pc4,obag,0.6396290280331896,0.632696247935648,-0.006932780097541502,False,False,True
logistic_regression,auprc,pc4,sbag,0.6396290280331896,0.6316265695288571,-0.008002458504332455,False,False,True
logistic_regression,auprc,phoneme,spe,0.5896976103158927,0.5906610219693107,0.000963411653417956,True,False,False
logistic_regression,auprc,phoneme,ubag,0.5896976103158927,0.5829665853402821,-0.006731024975610622,False,False,True
logistic_regression,auprc,phoneme,obag,0.5896976103158927,0.581868126671672,-0.007829483644220758,False,False,True
logistic_regression,auprc,phoneme,sbag,0.5896976103158927,0.5818675069155046,-0.007830103400388144,False,False,True
logistic_regression,auprc,planning-relax,spe,0.27759918889091545,0.2742599051784843,-0.0033392837124311403,False,False,True
logistic_regression,auprc,planning-relax,ubag,0.27759918889091545,0.26742295852973225,-0.010176230361183203,False,False,True
logistic_regression,auprc,planning-relax,obag,0.27759918889091545,0.27347840526415745,-0.004120783626757996,False,False,True
logistic_regression,auprc,planning-relax,sbag,0.27759918889091545,0.2554262212555621,-0.02217296763535337,False,False,True
logistic_regression,auprc,thoracic-surgery,spe,0.2577708135205571,0.25474293512611157,-0.0030278783944455157,False,False,True
logistic_regression,auprc,thoracic-surgery,ubag,0.2577708135205571,0.2718235348949487,0.014052721374391619,True,False,False
logistic_regression,auprc,thoracic-surgery,obag,0.2577708135205571,0.2667971882724353,0.00902637475187823,True,False,False
logistic_regression,auprc,thoracic-surgery,sbag,0.2577708135205571,0.2590057707492206,0.0012349572286635135,True,False,False
logistic_regression,auprc,vehicle,spe,0.9428648169231664,0.9586914949089895,0.015826677985823157,True,False,False
logistic_regression,auprc,vehicle,ubag,0.9428648169231664,0.9309678476518597,-0.011896969271306679,False,False,True
logistic_regression,auprc,vehicle,obag,0.9428648169231664,0.9493216581237858,0.006456841200619401,True,False,False
logistic_regression,auprc,vehicle,sbag,0.9428648169231664,0.9502081292553177,0.007343312332151353,True,False,False
logistic_regression,auprc,vertebra-column,spe,0.8789602094771796,0.8849493348157058,0.005989125338526247,True,False,False
logistic_regression,auprc,vertebra-column,ubag,0.8789602094771796,0.8704082004892472,-0.008552008987932402,False,False,True
logistic_regression,auprc,vertebra-column,obag,0.8789602094771796,0.8757679786674564,-0.0031922308097231955,False,False,True
logistic_regression,auprc,vertebra-column,sbag,0.8789602094771796,0.8755529249040155,-0.003407284573164082,False,False,True
logistic_regression,auprc,vowel,spe,0.875715948198061,0.8765190132585893,0.0008030650605282963,True,False,False
logistic_regression,auprc,vowel,ubag,0.875715948198061,0.8108486777817137,-0.06486727041634732,False,False,True
logistic_regression,auprc,vowel,obag,0.875715948198061,0.816275028331239,-0.059440919866821984,False,False,True
logistic_regression,auprc,vowel,sbag,0.875715948198061,0.8425163190098697,-0.033199629188191304,False,False,True
logistic_regression,auprc,wholesale-customers,spe,0.9343894825215555,0.9340622457234098,-0.0003272367981457247,False,False,True
logistic_regression,auprc,wholesale-customers,ubag,0.9343894825215555,0.9356806690249153,0.001291186503359798,True,False,False
logistic_regression,auprc,wholesale-customers,obag,0.9343894825215555,0.9360834236111459,0.0016939410895904228,True,False,False
logistic_regression,auprc,wholesale-customers,sbag,0.9343894825215555,0.9358031831830459,0.0014137006614903802,True,False,False
logistic_regression,macro_f1,Credit_Approval_Classification,spe,0.6765732753345804,0.698404961938946,0.02183168660436552,True,False,False
logistic_regression,macro_f1,Credit_Approval_Classification,ubag,0.6765732753345804,0.6948429475778294,0.018269672243248936,True,False,False
logistic_regression,macro_f1,Credit_Approval_Classification,obag,0.6765732753345804,0.6975349067953269,0.020961631460746477,True,False,False
logistic_regression,macro_f1,Credit_Approval_Classification,sbag,0.6765732753345804,0.6962055827898224,0.019632307455241915,True,False,False
logistic_regression,macro_f1,JapaneseVowels,spe,0.9502916774436333,0.9454935016756949,-0.004798175767938395,False,False,True
logistic_regression,macro_f1,JapaneseVowels,ubag,0.9502916774436333,0.9031163243517135,-0.04717535309191978,False,False,True
logistic_regression,macro_f1,JapaneseVowels,obag,0.9502916774436333,0.9055303327795517,-0.04476134466408155,False,False,True
logistic_regression,macro_f1,JapaneseVowels,sbag,0.9502916774436333,0.9066665930047544,-0.043625084438878914,False,False,True
logistic_regression,macro_f1,SPECTF,spe,0.7684041892060468,0.7716764434440787,0.003272254238031902,True,False,False
logistic_regression,macro_f1,SPECTF,ubag,0.7684041892060468,0.7677521101104279,-0.0006520790956189293,False,False,True
logistic_regression,macro_f1,SPECTF,obag,0.7684041892060468,0.7865561078642042,0.01815191865815735,True,False,False
logistic_regression,macro_f1,SPECTF,sbag,0.7684041892060468,0.773264202558329,0.004860013352282144,True,False,False
logistic_regression,macro_f1,adult,spe,0.7885604881709101,0.7902170654330292,0.0016565772621190966,True,False,False
logistic_regression,macro_f1,adult,ubag,0.7885604881709101,0.7781543571326845,-0.010406131038225519,False,False,True
logistic_regression,macro_f1,adult,obag,0.7885604881709101,0.778634480103921,-0.009926008066989067,False,False,True
logistic_regression,macro_f1,adult,sbag,0.7885604881709101,0.778900200984675,-0.009660287186235017,False,False,True
logistic_regression,macro_f1,bank-marketing,spe,0.6982837203275236,0.7405850275722441,0.042301307244720476,True,False,False
logistic_regression,macro_f1,bank-marketing,ubag,0.6982837203275236,0.7293440913444986,0.031060371016975008,True,False,False
logistic_regression,macro_f1,bank-marketing,obag,0.6982837203275236,0.7292024645319248,0.030918744204401216,True,False,False
logistic_regression,macro_f1,bank-marketing,sbag,0.6982837203275236,0.729992029671725,0.031708309344201435,True,False,False
logistic_regression,macro_f1,blood-transfusion-service-center,spe,0.5352371864780144,0.6041111529098186,0.06887396643180421,True,False,False
logistic_regression,macro_f1,blood-transfusion-service-center,ubag,0.5352371864780144,0.6224794624556208,0.08724227597760636,True,False,False
logistic_regression,macro_f1,blood-transfusion-service-center,obag,0.5352371864780144,0.6189199694429877,0.08368278296497322,True,False,False
logistic_regression,macro_f1,blood-transfusion-service-center,sbag,0.5352371864780144,0.6181103845957271,0.08287319811771265,True,False,False
logistic_regression,macro_f1,haberman,spe,0.5360917224789298,0.47499168929339025,-0.061100033185539526,False,False,True
logistic_regression,macro_f1,haberman,ubag,0.5360917224789298,0.6585630736883225,0.12247135120939268,True,False,False
logistic_regression,macro_f1,haberman,obag,0.5360917224789298,0.6616769110993725,0.12558518862044277,True,False,False
logistic_regression,macro_f1,haberman,sbag,0.5360917224789298,0.6559727375694393,0.11988101509050952,True,False,False
logistic_regression,macro_f1,ibm-employee-attrition,spe,0.7315964141548086,0.700448136217647,-0.031148277937161573,False,False,True
logistic_regression,macro_f1,ibm-employee-attrition,ubag,0.7315964141548086,0.6773436146044047,-0.05425279955040385,False,False,True
logistic_regression,macro_f1,ibm-employee-attrition,obag,0.7315964141548086,0.6796540804594049,-0.051942333695403686,False,False,True
logistic_regression,macro_f1,ibm-employee-attrition,sbag,0.7315964141548086,0.6857598282821484,-0.04583658587266015,False,False,True
logistic_regression,macro_f1,ilpd-numeric,spe,0.5704447647642381,0.6357580120410166,0.06531324727677845,True,False,False
logistic_regression,macro_f1,ilpd-numeric,ubag,0.5704447647642381,0.6185540841331107,0.04810931936887264,True,False,False
logistic_regression,macro_f1,ilpd-numeric,obag,0.5704447647642381,0.6244987241743745,0.054053959410136354,True,False,False
logistic_regression,macro_f1,ilpd-numeric,sbag,0.5704447647642381,0.6236323136507105,0.05318754888647237,True,False,False
logistic_regression,macro_f1,kc1,spe,0.6108702041754428,0.6314499645582725,0.020579760382829715,True,False,False
logistic_regression,macro_f1,kc1,ubag,0.6108702041754428,0.6315041539827665,0.020633949807323693,True,False,False
logistic_regression,macro_f1,kc1,obag,0.6108702041754428,0.631798018220245,0.02092781404480215,True,False,False
logistic_regression,macro_f1,kc1,sbag,0.6108702041754428,0.630907987120871,0.02003778294542824,True,False,False
logistic_regression,macro_f1,law-school-admission-bianry,spe,1.0,1.0,0.0,False,True,False
logistic_regression,macro_f1,law-school-admission-bianry,ubag,1.0,1.0,0.0,False,True,False
logistic_regression,macro_f1,law-school-admission-bianry,obag,1.0,1.0,0.0,False,True,False
logistic_regression,macro_f1,law-school-admission-bianry,sbag,1.0,1.0,0.0,False,True,False
logistic_regression,macro_f1,mc2,spe,0.6363463195496079,0.622830076251073,-0.013516243298534847,False,False,True
logistic_regression,macro_f1,mc2,ubag,0.6363463195496079,0.5734618641890338,-0.06288445536057408,False,False,True
logistic_regression,macro_f1,mc2,obag,0.6363463195496079,0.6046954507480823,-0.03165086880152557,False,False,True
logistic_regression,macro_f1,mc2,sbag,0.6363463195496079,0.6022403584397221,-0.03410596110988573,False,False,True
logistic_regression,macro_f1,pc4,spe,0.7412687600135326,0.7077363242247418,-0.03353243578879084,False,False,True
logistic_regression,macro_f1,pc4,ubag,0.7412687600135326,0.706138271998558,-0.03513048801497454,False,False,True
logistic_regression,macro_f1,pc4,obag,0.7412687600135326,0.7276312462445,-0.01363751376903255,False,False,True
logistic_regression,macro_f1,pc4,sbag,0.7412687600135326,0.7243919514318259,-0.016876808581706704,False,False,True
logistic_regression,macro_f1,phoneme,spe,0.6794731586334791,0.7272299744884717,0.047756815854992585,True,False,False
logistic_regression,macro_f1,phoneme,ubag,0.6794731586334791,0.7081004278223547,0.028627269188875593,True,False,False
logistic_regression,macro_f1,phoneme,obag,0.6794731586334791,0.7067394449164757,0.027266286282996544,True,False,False
logistic_regression,macro_f1,phoneme,sbag,0.6794731586334791,0.7071390376295287,0.027665878996049553,True,False,False
logistic_regression,macro_f1,planning-relax,spe,0.4147885136779902,0.3992356355586234,-0.015552878119366786,False,False,True
logistic_regression,macro_f1,planning-relax,ubag,0.4147885136779902,0.41204064976200083,-0.002747863915989357,False,False,True
logistic_regression,macro_f1,planning-relax,obag,0.4147885136779902,0.40623696751427846,-0.008551546163711732,False,False,True
logistic_regression,macro_f1,planning-relax,sbag,0.4147885136779902,0.41766553894284986,0.0028770252648596673,True,False,False
logistic_regression,macro_f1,thoracic-surgery,spe,0.46332537099377447,0.5183672505781454,0.0550418795843709,True,False,False
logistic_regression,macro_f1,thoracic-surgery,ubag,0.46332537099377447,0.5232157576513465,0.05989038665757207,True,False,False
logistic_regression,macro_f1,thoracic-surgery,obag,0.46332537099377447,0.5453966806128054,0.08207130961903097,True,False,False
logistic_regression,macro_f1,thoracic-surgery,sbag,0.46332537099377447,0.5191369397306211,0.05581156873684667,True,False,False
logistic_regression,macro_f1,vehicle,spe,0.941953713562912,0.9441382540967865,0.0021845405338745127,True,False,False
logistic_regression,macro_f1,vehicle,ubag,0.941953713562912,0.9304465848086168,-0.01150712875429527,False,False,True
logistic_regression,macro_f1,vehicle,obag,0.941953713562912,0.9446374736873949,0.0026837601244829035,True,False,False
logistic_regression,macro_f1,vehicle,sbag,0.941953713562912,0.943030726171734,0.0010770126088219811,True,False,False
logistic_regression,macro_f1,vertebra-column,spe,0.8278053122252423,0.8268183750253787,-0.0009869371998636467,False,False,True
logistic_regression,macro_f1,vertebra-column,ubag,0.8278053122252423,0.8165954040894732,-0.011209908135769164,False,False,True
logistic_regression,macro_f1,vertebra-column,obag,0.8278053122252423,0.8196276124440157,-0.008177699781226622,False,False,True
logistic_regression,macro_f1,vertebra-column,sbag,0.8278053122252423,0.8196276124440157,-0.008177699781226622,False,False,True
logistic_regression,macro_f1,vowel,spe,0.8566035536326304,0.8326956954097691,-0.023907858222861345,False,False,True
logistic_regression,macro_f1,vowel,ubag,0.8566035536326304,0.7197480903906734,-0.13685546324195696,False,False,True
logistic_regression,macro_f1,vowel,obag,0.8566035536326304,0.8328721744280874,-0.023731379204543046,False,False,True
logistic_regression,macro_f1,vowel,sbag,0.8566035536326304,0.8361695693037469,-0.020433984328883548,False,False,True
logistic_regression,macro_f1,wholesale-customers,spe,0.8941710517894099,0.8654946622609249,-0.028676389528485058,False,False,True
logistic_regression,macro_f1,wholesale-customers,ubag,0.8941710517894099,0.8928079967669129,-0.0013630550224970062,False,False,True
logistic_regression,macro_f1,wholesale-customers,obag,0.8941710517894099,0.9022949348903164,0.008123883100906504,True,False,False
logistic_regression,macro_f1,wholesale-customers,sbag,0.8941710517894099,0.9022949348903164,0.008123883100906504,True,False,False
logistic_regression,balanced_accuracy,Credit_Approval_Classification,spe,0.6666666666666666,0.715952380952381,0.04928571428571438,True,False,False
logistic_regression,balanced_accuracy,Credit_Approval_Classification,ubag,0.6666666666666666,0.7188095238095238,0.05214285714285716,True,False,False
logistic_regression,balanced_accuracy,Credit_Approval_Classification,obag,0.6666666666666666,0.7173809523809525,0.05071428571428582,True,False,False
logistic_regression,balanced_accuracy,Credit_Approval_Classification,sbag,0.6666666666666666,0.7145238095238096,0.04785714285714293,True,False,False
logistic_regression,balanced_accuracy,JapaneseVowels,spe,0.9409123851471248,0.9211693387664448,-0.01974304638068003,False,False,True
logistic_regression,balanced_accuracy,JapaneseVowels,ubag,0.9409123851471248,0.9700156040686739,0.0291032189215491,True,False,False
logistic_regression,balanced_accuracy,JapaneseVowels,obag,0.9409123851471248,0.9699698020933051,0.029057416946180248,True,False,False
logistic_regression,balanced_accuracy,JapaneseVowels,sbag,0.9409123851471248,0.9662616004301855,0.025349215283060667,True,False,False
logistic_regression,balanced_accuracy,SPECTF,spe,0.7640330237358102,0.7829927760577915,0.018959752321981327,True,False,False
logistic_regression,balanced_accuracy,SPECTF,ubag,0.7640330237358102,0.8088173374613004,0.04478431372549019,True,False,False
logistic_regression,balanced_accuracy,SPECTF,obag,0.7640330237358102,0.8100701754385964,0.046037151702786216,True,False,False
logistic_regression,balanced_accuracy,SPECTF,sbag,0.7640330237358102,0.7910175438596492,0.026984520123839006,True,False,False
logistic_regression,balanced_accuracy,adult,spe,0.7710089577763825,0.8134647964210908,0.042455838644708366,True,False,False
logistic_regression,balanced_accuracy,adult,ubag,0.7710089577763825,0.8277770616579916,0.05676810388160913,True,False,False
logistic_regression,balanced_accuracy,adult,obag,0.7710089577763825,0.8279351116771763,0.05692615390079381,True,False,False
logistic_regression,balanced_accuracy,adult,sbag,0.7710089577763825,0.827599433211374,0.056590475434991516,True,False,False
logistic_regression,balanced_accuracy,bank-marketing,spe,0.6602605811150358,0.8026420492568853,0.1423814681418495,True,False,False
logistic_regression,balanced_accuracy,bank-marketing,ubag,0.6602605811150358,0.8326831008842651,0.1724225197692293,True,False,False
logistic_regression,balanced_accuracy,bank-marketing,obag,0.6602605811150358,0.8321339292262472,0.17187334811121135,True,False,False
logistic_regression,balanced_accuracy,bank-marketing,sbag,0.6602605811150358,0.8315745066312227,0.17131392551618685,True,False,False
logistic_regression,balanced_accuracy,blood-transfusion-service-center,spe,0.5493065998329156,0.6785547201336675,0.12924812030075183,True,False,False
logistic_regression,balanced_accuracy,blood-transfusion-service-center,ubag,0.5493065998329156,0.6925104427736007,0.1432038429406851,True,False,False
logistic_regression,balanced_accuracy,blood-transfusion-service-center,obag,0.5493065998329156,0.6868755221386801,0.13756892230576445,True,False,False
logistic_regression,balanced_accuracy,blood-transfusion-service-center,sbag,0.5493065998329156,0.6849749373433586,0.13566833751044294,True,False,False
logistic_regression,balanced_accuracy,haberman,spe,0.5516748366013072,0.5340522875816993,-0.017622549019607914,False,False,True
logistic_regression,balanced_accuracy,haberman,ubag,0.5516748366013072,0.6698039215686273,0.11812908496732011,True,False,False
logistic_regression,balanced_accuracy,haberman,obag,0.5516748366013072,0.6702205882352941,0.11854575163398684,True,False,False
logistic_regression,balanced_accuracy,haberman,sbag,0.5516748366013072,0.6657761437908496,0.11410130718954237,True,False,False
logistic_regression,balanced_accuracy,ibm-employee-attrition,spe,0.6951327756289449,0.7536675882953161,0.05853481266637117,True,False,False
logistic_regression,balanced_accuracy,ibm-employee-attrition,ubag,0.6951327756289449,0.752188294650842,0.057055519021897094,True,False,False
logistic_regression,balanced_accuracy,ibm-employee-attrition,obag,0.6951327756289449,0.7434612381968854,0.04832846256794043,True,False,False
logistic_regression,balanced_accuracy,ibm-employee-attrition,sbag,0.6951327756289449,0.7436545193419459,0.048521743713001,True,False,False
logistic_regression,balanced_accuracy,ilpd-numeric,spe,0.5730481130020464,0.700560607594626,0.12751249459257963,True,False,False
logistic_regression,balanced_accuracy,ilpd-numeric,ubag,0.5730481130020464,0.6872758413332475,0.1142277283312011,True,False,False
logistic_regression,balanced_accuracy,ilpd-numeric,obag,0.5730481130020464,0.6860297569191969,0.11298164391715049,True,False,False
logistic_regression,balanced_accuracy,ilpd-numeric,sbag,0.5730481130020464,0.684175586992738,0.11112747399069156,True,False,False
logistic_regression,balanced_accuracy,kc1,spe,0.5894747662559956,0.7132388056974971,0.1237640394415015,True,False,False
logistic_regression,balanced_accuracy,kc1,ubag,0.5894747662559956,0.7181821208093515,0.1287073545533559,True,False,False
logistic_regression,balanced_accuracy,kc1,obag,0.5894747662559956,0.7165081184512778,0.12703335219528222,True,False,False
logistic_regression,balanced_accuracy,kc1,sbag,0.5894747662559956,0.7149688700812296,0.12549410382523396,True,False,False
logistic_regression,balanced_accuracy,law-school-admission-bianry,spe,1.0,1.0,0.0,False,True,False
logistic_regression,balanced_accuracy,law-school-admission-bianry,ubag,1.0,1.0,0.0,False,True,False
logistic_regression,balanced_accuracy,law-school-admission-bianry,obag,1.0,1.0,0.0,False,True,False
logistic_regression,balanced_accuracy,law-school-admission-bianry,sbag,1.0,1.0,0.0,False,True,False
logistic_regression,balanced_accuracy,mc2,spe,0.635021645021645,0.634155844155844,-0.0008658008658010141,False,False,True
logistic_regression,balanced_accuracy,mc2,ubag,0.635021645021645,0.585108225108225,-0.04991341991342002,False,False,True
logistic_regression,balanced_accuracy,mc2,obag,0.635021645021645,0.6087012987012986,-0.02632034632034641,False,False,True
logistic_regression,balanced_accuracy,mc2,sbag,0.635021645021645,0.6077922077922077,-0.02722943722943738,False,False,True
logistic_regression,balanced_accuracy,pc4,spe,0.6959362599206349,0.7908246527777777,0.09488839285714279,True,False,False
logistic_regression,balanced_accuracy,pc4,ubag,0.6959362599206349,0.8330394345238095,0.13710317460317456,True,False,False
logistic_regression,balanced_accuracy,pc4,obag,0.6959362599206349,0.8326202876984127,0.13668402777777777,True,False,False
logistic_regression,balanced_accuracy,pc4,sbag,0.6959362599206349,0.8249888392857143,0.1290525793650794,True,False,False
logistic_regression,balanced_accuracy,phoneme,spe,0.6697846179749636,0.744612387983965,0.07482777000900143,True,False,False
logistic_regression,balanced_accuracy,phoneme,ubag,0.6697846179749636,0.7447739254858433,0.07498930751087973,True,False,False
logistic_regression,balanced_accuracy,phoneme,obag,0.6697846179749636,0.7437256415159555,0.07394102354099197,True,False,False
logistic_regression,balanced_accuracy,phoneme,sbag,0.6697846179749636,0.7441721605281563,0.07438754255319269,True,False,False
logistic_regression,balanced_accuracy,planning-relax,spe,0.49615384615384617,0.4251748251748252,-0.07097902097902098,False,False,True
logistic_regression,balanced_accuracy,planning-relax,ubag,0.49615384615384617,0.4227272727272727,-0.0734265734265735,False,False,True
logistic_regression,balanced_accuracy,planning-relax,obag,0.49615384615384617,0.40440559440559437,-0.0917482517482518,False,False,True
logistic_regression,balanced_accuracy,planning-relax,sbag,0.49615384615384617,0.41825174825174816,-0.07790209790209801,False,False,True
logistic_regression,balanced_accuracy,thoracic-surgery,spe,0.4933928571428572,0.6016071428571429,0.10821428571428571,True,False,False
logistic_regression,balanced_accuracy,thoracic-surgery,ubag,0.4933928571428572,0.5880357142857143,0.09464285714285714,True,False,False
logistic_regression,balanced_accuracy,thoracic-surgery,obag,0.4933928571428572,0.5953571428571428,0.10196428571428562,True,False,False
logistic_regression,balanced_accuracy,thoracic-surgery,sbag,0.4933928571428572,0.5617857142857142,0.06839285714285703,True,False,False
logistic_regression,balanced_accuracy,vehicle,spe,0.9361806302224907,0.9362952045370649,0.00011457431457428946,True,False,False
logistic_regression,balanced_accuracy,vehicle,ubag,0.9361806302224907,0.9490399140910769,0.012859283868586258,True,False,False
logistic_regression,balanced_accuracy,vehicle,obag,0.9361806302224907,0.9585337494546797,0.022353119232189078,True,False,False
logistic_regression,balanced_accuracy,vehicle,sbag,0.9361806302224907,0.9562081680593308,0.020027537836840192,True,False,False
logistic_regression,balanced_accuracy,vertebra-column,spe,0.8302380952380952,0.8385714285714286,0.008333333333333415,True,False,False
logistic_regression,balanced_accuracy,vertebra-column,ubag,0.8302380952380952,0.845,0.014761904761904754,True,False,False
logistic_regression,balanced_accuracy,vertebra-column,obag,0.8302380952380952,0.8473809523809523,0.017142857142857126,True,False,False
logistic_regression,balanced_accuracy,vertebra-column,sbag,0.8302380952380952,0.8473809523809523,0.017142857142857126,True,False,False
logistic_regression,balanced_accuracy,vowel,spe,0.8122222222222222,0.8983333333333334,0.08611111111111125,True,False,False
logistic_regression,balanced_accuracy,vowel,ubag,0.8122222222222222,0.877222222222222,0.06499999999999984,True,False,False
logistic_regression,balanced_accuracy,vowel,obag,0.8122222222222222,0.9355555555555556,0.1233333333333334,True,False,False
logistic_regression,balanced_accuracy,vowel,sbag,0.8122222222222222,0.9366666666666665,0.12444444444444436,True,False,False
logistic_regression,balanced_accuracy,wholesale-customers,spe,0.8870791238763186,0.8494965350254654,-0.037582588850853194,False,False,True
logistic_regression,balanced_accuracy,wholesale-customers,ubag,0.8870791238763186,0.9001982967354095,0.013119172859090922,True,False,False
logistic_regression,balanced_accuracy,wholesale-customers,obag,0.8870791238763186,0.906949709164788,0.01987058528846941,True,False,False
logistic_regression,balanced_accuracy,wholesale-customers,sbag,0.8870791238763186,0.906949709164788,0.01987058528846941,True,False,False
